﻿<?xml version="1.0" encoding="utf-8"?>
<GIAMDINHHS>
<THONGTINDONVI>
<MACSKCB>75001</MACSKCB>
</THONGTINDONVI>
<THONGTINHOSO>
<NGAYLAP>20250219</NGAYLAP>
<SOLUONGHOSO>1</SOLUONGHOSO>
<DANHSACHHOSO>
<HOSO>
<FILEHOSO>
<LOAIHOSO>XML1</LOAIHOSO>
<NOIDUNGFILE><TONG_HOP>
<MA_LK>25.007261</MA_LK><STT>1</STT><MA_BN>25006437</MA_BN><HO_TEN>NGUYỄN THỊ MỠ</HO_TEN><SO_CCCD></SO_CCCD><NGAY_SINH>194001010000</NGAY_SINH><GIOI_TINH>2</GIOI_TINH><NHOM_MAU></NHOM_MAU><MA_QUOCTICH>000</MA_QUOCTICH><MA_DANTOC>1</MA_DANTOC><MA_NGHE_NGHIEP>00000</MA_NGHE_NGHIEP><DIA_CHI>Bàu Cá, Xã An Phước, Huyện Long Thành, Tỉnh Đồng Nai</DIA_CHI><MATINH_CU_TRU>75</MATINH_CU_TRU><MAHUYEN_CU_TRU>740</MAHUYEN_CU_TRU><MAXA_CU_TRU>26383</MAXA_CU_TRU><DIEN_THOAI></DIEN_THOAI><MA_THE_BHYT>BT2757526722365</MA_THE_BHYT><MA_DKBD>75020</MA_DKBD><GT_THE_TU>20250101</GT_THE_TU><GT_THE_DEN>20251231</GT_THE_DEN><NGAY_MIEN_CCT></NGAY_MIEN_CCT><LY_DO_VV>Cấp cứu</LY_DO_VV><LY_DO_VNT>Cấp cứu</LY_DO_VNT><MA_LY_DO_VNT></MA_LY_DO_VNT><CHAN_DOAN_VAO>Suy thận cấp - viêm phổi mức độ nặng - K thận di căn ổ bụng - di căn gan - hạ albumin máu </CHAN_DOAN_VAO><CHAN_DOAN_RV>Bất thường của albumin; Suy thận cấp; Viêm phổi, tác nhân không đặc hiệu; Thuyên tắc và huyết khối tĩnh mạch chủ; U tân sinh không chắc chắn hoặc không biết tính chất của Bể thận; U ác của bể thận; Viêm phổi/Huyết khối TMCD/TD K thận (P) di căn hạch ổ bụng/Gìa</CHAN_DOAN_RV><MA_BENH_CHINH>D41.1</MA_BENH_CHINH><MA_BENH_KT>J18;I82.2</MA_BENH_KT><MA_BENH_YHCT></MA_BENH_YHCT><MA_PTTT_QT></MA_PTTT_QT><MA_DOITUONG_KCB>2</MA_DOITUONG_KCB><MA_NOI_DI>75008</MA_NOI_DI><MA_NOI_DEN></MA_NOI_DEN><MA_TAI_NAN>0</MA_TAI_NAN><NGAY_VAO>202501312050</NGAY_VAO><NGAY_VAO_NOI_TRU>202501312103</NGAY_VAO_NOI_TRU><NGAY_RA>202501312357</NGAY_RA><GIAY_CHUYEN_TUYEN></GIAY_CHUYEN_TUYEN><SO_NGAY_DTRI>0</SO_NGAY_DTRI><PP_DIEU_TRI></PP_DIEU_TRI><KET_QUA_DTRI>2</KET_QUA_DTRI><MA_LOAI_RV>1</MA_LOAI_RV><GHI_CHU></GHI_CHU><NGAY_TTOAN>202502010030</NGAY_TTOAN><T_THUOC>1260</T_THUOC><T_VTYT>0</T_VTYT><T_TONGCHI_BV>716260</T_TONGCHI_BV><T_TONGCHI_BH>716260</T_TONGCHI_BH><T_BNTT>0</T_BNTT><T_BNCCT>0</T_BNCCT><T_BHTT>716260</T_BHTT><T_NGUONKHAC>0</T_NGUONKHAC><T_BHTT_GDV>0</T_BHTT_GDV><NAM_QT>2025</NAM_QT><THANG_QT>2</THANG_QT><MA_LOAI_KCB>09</MA_LOAI_KCB><MA_KHOA>K02</MA_KHOA><MA_CSKCB>75001</MA_CSKCB><MA_KHUVUC></MA_KHUVUC><CAN_NANG>62.0</CAN_NANG><CAN_NANG_CON></CAN_NANG_CON><NAM_NAM_LIEN_TUC></NAM_NAM_LIEN_TUC><NGAY_TAI_KHAM></NGAY_TAI_KHAM><MA_HSBA>25.007261</MA_HSBA><MA_TTDV></MA_TTDV><DU_PHONG></DU_PHONG></TONG_HOP>
</NOIDUNGFILE>
</FILEHOSO>
<FILEHOSO>
<LOAIHOSO>XML2</LOAIHOSO>
<NOIDUNGFILE><CHITIEU_CHITIET_THUOC>
<DSACH_CHI_TIET_THUOC>
<CHI_TIET_THUOC>
<MA_LK>25.007261</MA_LK><STT>0</STT><MA_THUOC>40.659</MA_THUOC><MA_PP_CHEBIEN></MA_PP_CHEBIEN><MA_CSKCB_THUOC></MA_CSKCB_THUOC><MA_NHOM>4</MA_NHOM><TEN_THUOC>Vinzix</TEN_THUOC><DON_VI_TINH>Ống</DON_VI_TINH><HAM_LUONG>20mg/2ml</HAM_LUONG><DUONG_DUNG>2.10</DUONG_DUNG><DANG_BAO_CHE></DANG_BAO_CHE><LIEU_DUNG>2.00 Ống/lần*1 lần/ngày</LIEU_DUNG><CACH_DUNG></CACH_DUNG><SO_DANG_KY>893110305923</SO_DANG_KY><TT_THAU>1626/QĐ-SYT;G1;N4;2022;75</TT_THAU><PHAM_VI>1</PHAM_VI><TYLE_TT_BH>100</TYLE_TT_BH><SO_LUONG>2</SO_LUONG><DON_GIA>630</DON_GIA><THANH_TIEN_BV>1260</THANH_TIEN_BV><THANH_TIEN_BH>1260</THANH_TIEN_BH><T_NGUONKHAC_NSNN>0</T_NGUONKHAC_NSNN><T_NGUONKHAC_VTNN>0</T_NGUONKHAC_VTNN><T_NGUONKHAC_VTTN>0</T_NGUONKHAC_VTTN><T_NGUONKHAC_CL>0</T_NGUONKHAC_CL><T_NGUONKHAC>0</T_NGUONKHAC><MUC_HUONG>100</MUC_HUONG><T_BHTT>1260</T_BHTT><T_BNCCT>0</T_BNCCT><T_BNTT>0</T_BNTT><MA_KHOA>K02</MA_KHOA><MA_BAC_SI>004252/ĐNAI-CCHN</MA_BAC_SI><MA_DICH_VU></MA_DICH_VU><NGAY_YL>202501312106</NGAY_YL><NGAY_TH_YL>202501312106</NGAY_TH_YL><MA_PTTT>1</MA_PTTT><NGUON_CTRA>1</NGUON_CTRA><VET_THUONG_TP></VET_THUONG_TP><DU_PHONG></DU_PHONG></CHI_TIET_THUOC>
</DSACH_CHI_TIET_THUOC>
</CHITIEU_CHITIET_THUOC>
</NOIDUNGFILE>
</FILEHOSO>
<FILEHOSO>
<LOAIHOSO>XML3</LOAIHOSO>
<NOIDUNGFILE><CHITIEU_CHITIET_DVKT_VTYT>
<DSACH_CHI_TIET_DVKT>
<CHI_TIET_DVKT>
<MA_LK>25.007261</MA_LK><STT>0</STT><MA_DICH_VU>02.1896</MA_DICH_VU><MA_PTTT_QT></MA_PTTT_QT><MA_VAT_TU></MA_VAT_TU><MA_NHOM>13</MA_NHOM><GOI_VTYT></GOI_VTYT><TEN_VAT_TU></TEN_VAT_TU><TEN_DICH_VU>Khám nội [Khám cấp cứu - NG]</TEN_DICH_VU><MA_XANG_DAU></MA_XANG_DAU><DON_VI_TINH>Lần</DON_VI_TINH><PHAM_VI>1</PHAM_VI><SO_LUONG>1</SO_LUONG><DON_GIA_BV>50600</DON_GIA_BV><DON_GIA_BH>50600</DON_GIA_BH><TT_THAU></TT_THAU><TYLE_TT_DV>100</TYLE_TT_DV><TYLE_TT_BH>100</TYLE_TT_BH><THANH_TIEN_BV>50600</THANH_TIEN_BV><THANH_TIEN_BH>50600</THANH_TIEN_BH><T_TRANTT></T_TRANTT><MUC_HUONG>100</MUC_HUONG><T_NGUONKHAC_NSNN>0</T_NGUONKHAC_NSNN><T_NGUONKHAC_VTNN>0</T_NGUONKHAC_VTNN><T_NGUONKHAC_VTTN>0</T_NGUONKHAC_VTTN><T_NGUONKHAC_CL>0</T_NGUONKHAC_CL><T_NGUONKHAC>0</T_NGUONKHAC><T_BNTT>0</T_BNTT><T_BNCCT>0</T_BNCCT><T_BHTT>50600</T_BHTT><MA_KHOA>K02</MA_KHOA><MA_GIUONG></MA_GIUONG><MA_BAC_SI>004252/ĐNAI-CCHN</MA_BAC_SI><NGUOI_THUC_HIEN>004252/ĐNAI-CCHN</NGUOI_THUC_HIEN><MA_BENH>D41.1;J18; I82.2</MA_BENH><MA_BENH_YHCT></MA_BENH_YHCT><NGAY_YL>202501312356</NGAY_YL><NGAY_TH_YL>202502010006</NGAY_TH_YL><NGAY_KQ></NGAY_KQ><MA_PTTT>1</MA_PTTT><VET_THUONG_TP></VET_THUONG_TP><PP_VO_CAM></PP_VO_CAM><VI_TRI_TH_DVKT>0</VI_TRI_TH_DVKT><MA_MAY></MA_MAY><MA_HIEU_SP></MA_HIEU_SP><TAI_SU_DUNG></TAI_SU_DUNG><DU_PHONG></DU_PHONG></CHI_TIET_DVKT>
<CHI_TIET_DVKT>
<MA_LK>25.007261</MA_LK><STT>0</STT><MA_DICH_VU>22.0121.1369</MA_DICH_VU><MA_PTTT_QT></MA_PTTT_QT><MA_VAT_TU></MA_VAT_TU><MA_NHOM>1</MA_NHOM><GOI_VTYT></GOI_VTYT><TEN_VAT_TU></TEN_VAT_TU><TEN_DICH_VU>Tổng phân tích tế bào máu ngoại vi (bằng máy đếm laser)</TEN_DICH_VU><MA_XANG_DAU></MA_XANG_DAU><DON_VI_TINH>Lần</DON_VI_TINH><PHAM_VI>1</PHAM_VI><SO_LUONG>1</SO_LUONG><DON_GIA_BV>49700</DON_GIA_BV><DON_GIA_BH>49700</DON_GIA_BH><TT_THAU></TT_THAU><TYLE_TT_DV>100</TYLE_TT_DV><TYLE_TT_BH>100</TYLE_TT_BH><THANH_TIEN_BV>49700</THANH_TIEN_BV><THANH_TIEN_BH>49700</THANH_TIEN_BH><T_TRANTT></T_TRANTT><MUC_HUONG>100</MUC_HUONG><T_NGUONKHAC_NSNN>0</T_NGUONKHAC_NSNN><T_NGUONKHAC_VTNN>0</T_NGUONKHAC_VTNN><T_NGUONKHAC_VTTN>0</T_NGUONKHAC_VTTN><T_NGUONKHAC_CL>0</T_NGUONKHAC_CL><T_NGUONKHAC>0</T_NGUONKHAC><T_BNTT>0</T_BNTT><T_BNCCT>0</T_BNCCT><T_BHTT>49700</T_BHTT><MA_KHOA>K02</MA_KHOA><MA_GIUONG></MA_GIUONG><MA_BAC_SI>004252/ĐNAI-CCHN</MA_BAC_SI><NGUOI_THUC_HIEN>002884/ĐNAI-CCHN;004431/ĐNAI-CCHN</NGUOI_THUC_HIEN><MA_BENH>D41.1;J18; I82.2</MA_BENH><MA_BENH_YHCT></MA_BENH_YHCT><NGAY_YL>202501312106</NGAY_YL><NGAY_TH_YL>202501312211</NGAY_TH_YL><NGAY_KQ>202501312211</NGAY_KQ><MA_PTTT>1</MA_PTTT><VET_THUONG_TP></VET_THUONG_TP><PP_VO_CAM></PP_VO_CAM><VI_TRI_TH_DVKT>0</VI_TRI_TH_DVKT><MA_MAY></MA_MAY><MA_HIEU_SP></MA_HIEU_SP><TAI_SU_DUNG></TAI_SU_DUNG><DU_PHONG></DU_PHONG></CHI_TIET_DVKT>
<CHI_TIET_DVKT>
<MA_LK>25.007261</MA_LK><STT>0</STT><MA_DICH_VU>22.0013.1242</MA_DICH_VU><MA_PTTT_QT></MA_PTTT_QT><MA_VAT_TU></MA_VAT_TU><MA_NHOM>1</MA_NHOM><GOI_VTYT></GOI_VTYT><TEN_VAT_TU></TEN_VAT_TU><TEN_DICH_VU>Định lượng Fibrinogen (Tên khác: Định lượng yếu tố I), phương pháp Clauss- phương pháp trực tiếp, bằng máy tự động</TEN_DICH_VU><MA_XANG_DAU></MA_XANG_DAU><DON_VI_TINH>Lần</DON_VI_TINH><PHAM_VI>1</PHAM_VI><SO_LUONG>1</SO_LUONG><DON_GIA_BV>110300</DON_GIA_BV><DON_GIA_BH>110300</DON_GIA_BH><TT_THAU></TT_THAU><TYLE_TT_DV>100</TYLE_TT_DV><TYLE_TT_BH>100</TYLE_TT_BH><THANH_TIEN_BV>110300</THANH_TIEN_BV><THANH_TIEN_BH>110300</THANH_TIEN_BH><T_TRANTT></T_TRANTT><MUC_HUONG>100</MUC_HUONG><T_NGUONKHAC_NSNN>0</T_NGUONKHAC_NSNN><T_NGUONKHAC_VTNN>0</T_NGUONKHAC_VTNN><T_NGUONKHAC_VTTN>0</T_NGUONKHAC_VTTN><T_NGUONKHAC_CL>0</T_NGUONKHAC_CL><T_NGUONKHAC>0</T_NGUONKHAC><T_BNTT>0</T_BNTT><T_BNCCT>0</T_BNCCT><T_BHTT>110300</T_BHTT><MA_KHOA>K02</MA_KHOA><MA_GIUONG></MA_GIUONG><MA_BAC_SI>004252/ĐNAI-CCHN</MA_BAC_SI><NGUOI_THUC_HIEN>002884/ĐNAI-CCHN;004431/ĐNAI-CCHN</NGUOI_THUC_HIEN><MA_BENH>D41.1;J18; I82.2</MA_BENH><MA_BENH_YHCT></MA_BENH_YHCT><NGAY_YL>202501312106</NGAY_YL><NGAY_TH_YL>202501312211</NGAY_TH_YL><NGAY_KQ>202501312211</NGAY_KQ><MA_PTTT>1</MA_PTTT><VET_THUONG_TP></VET_THUONG_TP><PP_VO_CAM></PP_VO_CAM><VI_TRI_TH_DVKT>0</VI_TRI_TH_DVKT><MA_MAY></MA_MAY><MA_HIEU_SP></MA_HIEU_SP><TAI_SU_DUNG></TAI_SU_DUNG><DU_PHONG></DU_PHONG></CHI_TIET_DVKT>
<CHI_TIET_DVKT>
<MA_LK>25.007261</MA_LK><STT>0</STT><MA_DICH_VU>22.0005.1354</MA_DICH_VU><MA_PTTT_QT></MA_PTTT_QT><MA_VAT_TU></MA_VAT_TU><MA_NHOM>1</MA_NHOM><GOI_VTYT></GOI_VTYT><TEN_VAT_TU></TEN_VAT_TU><TEN_DICH_VU>Thời gian thromboplastin một phần hoạt hóa (APTT: Activated Partial Thromboplastin Time), (tên khác: TCK) bằng máy tự động</TEN_DICH_VU><MA_XANG_DAU></MA_XANG_DAU><DON_VI_TINH>Lần</DON_VI_TINH><PHAM_VI>1</PHAM_VI><SO_LUONG>1</SO_LUONG><DON_GIA_BV>43500</DON_GIA_BV><DON_GIA_BH>43500</DON_GIA_BH><TT_THAU></TT_THAU><TYLE_TT_DV>100</TYLE_TT_DV><TYLE_TT_BH>100</TYLE_TT_BH><THANH_TIEN_BV>43500</THANH_TIEN_BV><THANH_TIEN_BH>43500</THANH_TIEN_BH><T_TRANTT></T_TRANTT><MUC_HUONG>100</MUC_HUONG><T_NGUONKHAC_NSNN>0</T_NGUONKHAC_NSNN><T_NGUONKHAC_VTNN>0</T_NGUONKHAC_VTNN><T_NGUONKHAC_VTTN>0</T_NGUONKHAC_VTTN><T_NGUONKHAC_CL>0</T_NGUONKHAC_CL><T_NGUONKHAC>0</T_NGUONKHAC><T_BNTT>0</T_BNTT><T_BNCCT>0</T_BNCCT><T_BHTT>43500</T_BHTT><MA_KHOA>K02</MA_KHOA><MA_GIUONG></MA_GIUONG><MA_BAC_SI>004252/ĐNAI-CCHN</MA_BAC_SI><NGUOI_THUC_HIEN>002884/ĐNAI-CCHN;004431/ĐNAI-CCHN</NGUOI_THUC_HIEN><MA_BENH>D41.1;J18; I82.2</MA_BENH><MA_BENH_YHCT></MA_BENH_YHCT><NGAY_YL>202501312106</NGAY_YL><NGAY_TH_YL>202501312211</NGAY_TH_YL><NGAY_KQ>202501312211</NGAY_KQ><MA_PTTT>1</MA_PTTT><VET_THUONG_TP></VET_THUONG_TP><PP_VO_CAM></PP_VO_CAM><VI_TRI_TH_DVKT>0</VI_TRI_TH_DVKT><MA_MAY></MA_MAY><MA_HIEU_SP></MA_HIEU_SP><TAI_SU_DUNG></TAI_SU_DUNG><DU_PHONG></DU_PHONG></CHI_TIET_DVKT>
<CHI_TIET_DVKT>
<MA_LK>25.007261</MA_LK><STT>0</STT><MA_DICH_VU>22.0001.1352</MA_DICH_VU><MA_PTTT_QT></MA_PTTT_QT><MA_VAT_TU></MA_VAT_TU><MA_NHOM>1</MA_NHOM><GOI_VTYT></GOI_VTYT><TEN_VAT_TU></TEN_VAT_TU><TEN_DICH_VU>Thời gian prothrombin (PT: Prothrombin Time), (Các tên khác: TQ; Tỷ lệ Prothrombin) bằng máy tự động</TEN_DICH_VU><MA_XANG_DAU></MA_XANG_DAU><DON_VI_TINH>Lần</DON_VI_TINH><PHAM_VI>1</PHAM_VI><SO_LUONG>1</SO_LUONG><DON_GIA_BV>68400</DON_GIA_BV><DON_GIA_BH>68400</DON_GIA_BH><TT_THAU></TT_THAU><TYLE_TT_DV>100</TYLE_TT_DV><TYLE_TT_BH>100</TYLE_TT_BH><THANH_TIEN_BV>68400</THANH_TIEN_BV><THANH_TIEN_BH>68400</THANH_TIEN_BH><T_TRANTT></T_TRANTT><MUC_HUONG>100</MUC_HUONG><T_NGUONKHAC_NSNN>0</T_NGUONKHAC_NSNN><T_NGUONKHAC_VTNN>0</T_NGUONKHAC_VTNN><T_NGUONKHAC_VTTN>0</T_NGUONKHAC_VTTN><T_NGUONKHAC_CL>0</T_NGUONKHAC_CL><T_NGUONKHAC>0</T_NGUONKHAC><T_BNTT>0</T_BNTT><T_BNCCT>0</T_BNCCT><T_BHTT>68400</T_BHTT><MA_KHOA>K02</MA_KHOA><MA_GIUONG></MA_GIUONG><MA_BAC_SI>004252/ĐNAI-CCHN</MA_BAC_SI><NGUOI_THUC_HIEN>002884/ĐNAI-CCHN;004431/ĐNAI-CCHN</NGUOI_THUC_HIEN><MA_BENH>D41.1;J18; I82.2</MA_BENH><MA_BENH_YHCT></MA_BENH_YHCT><NGAY_YL>202501312106</NGAY_YL><NGAY_TH_YL>202501312211</NGAY_TH_YL><NGAY_KQ>202501312211</NGAY_KQ><MA_PTTT>1</MA_PTTT><VET_THUONG_TP></VET_THUONG_TP><PP_VO_CAM></PP_VO_CAM><VI_TRI_TH_DVKT>0</VI_TRI_TH_DVKT><MA_MAY></MA_MAY><MA_HIEU_SP></MA_HIEU_SP><TAI_SU_DUNG></TAI_SU_DUNG><DU_PHONG></DU_PHONG></CHI_TIET_DVKT>
<CHI_TIET_DVKT>
<MA_LK>25.007261</MA_LK><STT>0</STT><MA_DICH_VU>18.0119.0028</MA_DICH_VU><MA_PTTT_QT></MA_PTTT_QT><MA_VAT_TU></MA_VAT_TU><MA_NHOM>2</MA_NHOM><GOI_VTYT></GOI_VTYT><TEN_VAT_TU></TEN_VAT_TU><TEN_DICH_VU>Chụp X-quang ngực thẳng [số hóa 1 phim]</TEN_DICH_VU><MA_XANG_DAU></MA_XANG_DAU><DON_VI_TINH>Lần</DON_VI_TINH><PHAM_VI>1</PHAM_VI><SO_LUONG>1</SO_LUONG><DON_GIA_BV>73300</DON_GIA_BV><DON_GIA_BH>73300</DON_GIA_BH><TT_THAU></TT_THAU><TYLE_TT_DV>100</TYLE_TT_DV><TYLE_TT_BH>100</TYLE_TT_BH><THANH_TIEN_BV>73300</THANH_TIEN_BV><THANH_TIEN_BH>73300</THANH_TIEN_BH><T_TRANTT></T_TRANTT><MUC_HUONG>100</MUC_HUONG><T_NGUONKHAC_NSNN>0</T_NGUONKHAC_NSNN><T_NGUONKHAC_VTNN>0</T_NGUONKHAC_VTNN><T_NGUONKHAC_VTTN>0</T_NGUONKHAC_VTTN><T_NGUONKHAC_CL>0</T_NGUONKHAC_CL><T_NGUONKHAC>0</T_NGUONKHAC><T_BNTT>0</T_BNTT><T_BNCCT>0</T_BNCCT><T_BHTT>73300</T_BHTT><MA_KHOA>K02</MA_KHOA><MA_GIUONG></MA_GIUONG><MA_BAC_SI>004252/ĐNAI-CCHN</MA_BAC_SI><NGUOI_THUC_HIEN>003364/ĐNAI-CCHN;004376/ĐNAI-CCHN</NGUOI_THUC_HIEN><MA_BENH>D41.1;J18; I82.2</MA_BENH><MA_BENH_YHCT></MA_BENH_YHCT><NGAY_YL>202501312106</NGAY_YL><NGAY_TH_YL>202501312131</NGAY_TH_YL><NGAY_KQ>202501312131</NGAY_KQ><MA_PTTT>1</MA_PTTT><VET_THUONG_TP></VET_THUONG_TP><PP_VO_CAM></PP_VO_CAM><VI_TRI_TH_DVKT>0</VI_TRI_TH_DVKT><MA_MAY></MA_MAY><MA_HIEU_SP></MA_HIEU_SP><TAI_SU_DUNG></TAI_SU_DUNG><DU_PHONG></DU_PHONG></CHI_TIET_DVKT>
<CHI_TIET_DVKT>
<MA_LK>25.007261</MA_LK><STT>0</STT><MA_DICH_VU>23.0166.1494</MA_DICH_VU><MA_PTTT_QT></MA_PTTT_QT><MA_VAT_TU></MA_VAT_TU><MA_NHOM>1</MA_NHOM><GOI_VTYT></GOI_VTYT><TEN_VAT_TU></TEN_VAT_TU><TEN_DICH_VU>Định lượng Urê máu [Máu]</TEN_DICH_VU><MA_XANG_DAU></MA_XANG_DAU><DON_VI_TINH>Lần</DON_VI_TINH><PHAM_VI>1</PHAM_VI><SO_LUONG>1</SO_LUONG><DON_GIA_BV>22400</DON_GIA_BV><DON_GIA_BH>22400</DON_GIA_BH><TT_THAU></TT_THAU><TYLE_TT_DV>100</TYLE_TT_DV><TYLE_TT_BH>100</TYLE_TT_BH><THANH_TIEN_BV>22400</THANH_TIEN_BV><THANH_TIEN_BH>22400</THANH_TIEN_BH><T_TRANTT></T_TRANTT><MUC_HUONG>100</MUC_HUONG><T_NGUONKHAC_NSNN>0</T_NGUONKHAC_NSNN><T_NGUONKHAC_VTNN>0</T_NGUONKHAC_VTNN><T_NGUONKHAC_VTTN>0</T_NGUONKHAC_VTTN><T_NGUONKHAC_CL>0</T_NGUONKHAC_CL><T_NGUONKHAC>0</T_NGUONKHAC><T_BNTT>0</T_BNTT><T_BNCCT>0</T_BNCCT><T_BHTT>22400</T_BHTT><MA_KHOA>K02</MA_KHOA><MA_GIUONG></MA_GIUONG><MA_BAC_SI>004252/ĐNAI-CCHN</MA_BAC_SI><NGUOI_THUC_HIEN>000361/ĐNAI-GPHN;004483/ĐNAI-CCHN</NGUOI_THUC_HIEN><MA_BENH>D41.1;J18; I82.2</MA_BENH><MA_BENH_YHCT></MA_BENH_YHCT><NGAY_YL>202501312106</NGAY_YL><NGAY_TH_YL>202501312234</NGAY_TH_YL><NGAY_KQ>202501312234</NGAY_KQ><MA_PTTT>1</MA_PTTT><VET_THUONG_TP></VET_THUONG_TP><PP_VO_CAM></PP_VO_CAM><VI_TRI_TH_DVKT>0</VI_TRI_TH_DVKT><MA_MAY></MA_MAY><MA_HIEU_SP></MA_HIEU_SP><TAI_SU_DUNG></TAI_SU_DUNG><DU_PHONG></DU_PHONG></CHI_TIET_DVKT>
<CHI_TIET_DVKT>
<MA_LK>25.007261</MA_LK><STT>0</STT><MA_DICH_VU>23.0075.1494</MA_DICH_VU><MA_PTTT_QT></MA_PTTT_QT><MA_VAT_TU></MA_VAT_TU><MA_NHOM>1</MA_NHOM><GOI_VTYT></GOI_VTYT><TEN_VAT_TU></TEN_VAT_TU><TEN_DICH_VU>Định lượng Glucose [Máu]</TEN_DICH_VU><MA_XANG_DAU></MA_XANG_DAU><DON_VI_TINH>Lần</DON_VI_TINH><PHAM_VI>1</PHAM_VI><SO_LUONG>1</SO_LUONG><DON_GIA_BV>22400</DON_GIA_BV><DON_GIA_BH>22400</DON_GIA_BH><TT_THAU></TT_THAU><TYLE_TT_DV>100</TYLE_TT_DV><TYLE_TT_BH>100</TYLE_TT_BH><THANH_TIEN_BV>22400</THANH_TIEN_BV><THANH_TIEN_BH>22400</THANH_TIEN_BH><T_TRANTT></T_TRANTT><MUC_HUONG>100</MUC_HUONG><T_NGUONKHAC_NSNN>0</T_NGUONKHAC_NSNN><T_NGUONKHAC_VTNN>0</T_NGUONKHAC_VTNN><T_NGUONKHAC_VTTN>0</T_NGUONKHAC_VTTN><T_NGUONKHAC_CL>0</T_NGUONKHAC_CL><T_NGUONKHAC>0</T_NGUONKHAC><T_BNTT>0</T_BNTT><T_BNCCT>0</T_BNCCT><T_BHTT>22400</T_BHTT><MA_KHOA>K02</MA_KHOA><MA_GIUONG></MA_GIUONG><MA_BAC_SI>004252/ĐNAI-CCHN</MA_BAC_SI><NGUOI_THUC_HIEN>000361/ĐNAI-GPHN;004483/ĐNAI-CCHN</NGUOI_THUC_HIEN><MA_BENH>D41.1;J18; I82.2</MA_BENH><MA_BENH_YHCT></MA_BENH_YHCT><NGAY_YL>202501312106</NGAY_YL><NGAY_TH_YL>202501312234</NGAY_TH_YL><NGAY_KQ>202501312234</NGAY_KQ><MA_PTTT>1</MA_PTTT><VET_THUONG_TP></VET_THUONG_TP><PP_VO_CAM></PP_VO_CAM><VI_TRI_TH_DVKT>0</VI_TRI_TH_DVKT><MA_MAY></MA_MAY><MA_HIEU_SP></MA_HIEU_SP><TAI_SU_DUNG></TAI_SU_DUNG><DU_PHONG></DU_PHONG></CHI_TIET_DVKT>
<CHI_TIET_DVKT>
<MA_LK>25.007261</MA_LK><STT>0</STT><MA_DICH_VU>23.0051.1494</MA_DICH_VU><MA_PTTT_QT></MA_PTTT_QT><MA_VAT_TU></MA_VAT_TU><MA_NHOM>1</MA_NHOM><GOI_VTYT></GOI_VTYT><TEN_VAT_TU></TEN_VAT_TU><TEN_DICH_VU>Định lượng Creatinin (máu)</TEN_DICH_VU><MA_XANG_DAU></MA_XANG_DAU><DON_VI_TINH>Lần</DON_VI_TINH><PHAM_VI>1</PHAM_VI><SO_LUONG>1</SO_LUONG><DON_GIA_BV>22400</DON_GIA_BV><DON_GIA_BH>22400</DON_GIA_BH><TT_THAU></TT_THAU><TYLE_TT_DV>100</TYLE_TT_DV><TYLE_TT_BH>100</TYLE_TT_BH><THANH_TIEN_BV>22400</THANH_TIEN_BV><THANH_TIEN_BH>22400</THANH_TIEN_BH><T_TRANTT></T_TRANTT><MUC_HUONG>100</MUC_HUONG><T_NGUONKHAC_NSNN>0</T_NGUONKHAC_NSNN><T_NGUONKHAC_VTNN>0</T_NGUONKHAC_VTNN><T_NGUONKHAC_VTTN>0</T_NGUONKHAC_VTTN><T_NGUONKHAC_CL>0</T_NGUONKHAC_CL><T_NGUONKHAC>0</T_NGUONKHAC><T_BNTT>0</T_BNTT><T_BNCCT>0</T_BNCCT><T_BHTT>22400</T_BHTT><MA_KHOA>K02</MA_KHOA><MA_GIUONG></MA_GIUONG><MA_BAC_SI>004252/ĐNAI-CCHN</MA_BAC_SI><NGUOI_THUC_HIEN>000361/ĐNAI-GPHN;004483/ĐNAI-CCHN</NGUOI_THUC_HIEN><MA_BENH>D41.1;J18; I82.2</MA_BENH><MA_BENH_YHCT></MA_BENH_YHCT><NGAY_YL>202501312106</NGAY_YL><NGAY_TH_YL>202501312234</NGAY_TH_YL><NGAY_KQ>202501312234</NGAY_KQ><MA_PTTT>1</MA_PTTT><VET_THUONG_TP></VET_THUONG_TP><PP_VO_CAM></PP_VO_CAM><VI_TRI_TH_DVKT>0</VI_TRI_TH_DVKT><MA_MAY></MA_MAY><MA_HIEU_SP></MA_HIEU_SP><TAI_SU_DUNG></TAI_SU_DUNG><DU_PHONG></DU_PHONG></CHI_TIET_DVKT>
<CHI_TIET_DVKT>
<MA_LK>25.007261</MA_LK><STT>0</STT><MA_DICH_VU>23.0020.1493</MA_DICH_VU><MA_PTTT_QT></MA_PTTT_QT><MA_VAT_TU></MA_VAT_TU><MA_NHOM>1</MA_NHOM><GOI_VTYT></GOI_VTYT><TEN_VAT_TU></TEN_VAT_TU><TEN_DICH_VU>Đo hoạt độ AST (GOT) [Máu]</TEN_DICH_VU><MA_XANG_DAU></MA_XANG_DAU><DON_VI_TINH>Lần</DON_VI_TINH><PHAM_VI>1</PHAM_VI><SO_LUONG>1</SO_LUONG><DON_GIA_BV>22400</DON_GIA_BV><DON_GIA_BH>22400</DON_GIA_BH><TT_THAU></TT_THAU><TYLE_TT_DV>100</TYLE_TT_DV><TYLE_TT_BH>100</TYLE_TT_BH><THANH_TIEN_BV>22400</THANH_TIEN_BV><THANH_TIEN_BH>22400</THANH_TIEN_BH><T_TRANTT></T_TRANTT><MUC_HUONG>100</MUC_HUONG><T_NGUONKHAC_NSNN>0</T_NGUONKHAC_NSNN><T_NGUONKHAC_VTNN>0</T_NGUONKHAC_VTNN><T_NGUONKHAC_VTTN>0</T_NGUONKHAC_VTTN><T_NGUONKHAC_CL>0</T_NGUONKHAC_CL><T_NGUONKHAC>0</T_NGUONKHAC><T_BNTT>0</T_BNTT><T_BNCCT>0</T_BNCCT><T_BHTT>22400</T_BHTT><MA_KHOA>K02</MA_KHOA><MA_GIUONG></MA_GIUONG><MA_BAC_SI>004252/ĐNAI-CCHN</MA_BAC_SI><NGUOI_THUC_HIEN>000361/ĐNAI-GPHN;004483/ĐNAI-CCHN</NGUOI_THUC_HIEN><MA_BENH>D41.1;J18; I82.2</MA_BENH><MA_BENH_YHCT></MA_BENH_YHCT><NGAY_YL>202501312106</NGAY_YL><NGAY_TH_YL>202501312234</NGAY_TH_YL><NGAY_KQ>202501312234</NGAY_KQ><MA_PTTT>1</MA_PTTT><VET_THUONG_TP></VET_THUONG_TP><PP_VO_CAM></PP_VO_CAM><VI_TRI_TH_DVKT>0</VI_TRI_TH_DVKT><MA_MAY></MA_MAY><MA_HIEU_SP></MA_HIEU_SP><TAI_SU_DUNG></TAI_SU_DUNG><DU_PHONG></DU_PHONG></CHI_TIET_DVKT>
<CHI_TIET_DVKT>
<MA_LK>25.007261</MA_LK><STT>0</STT><MA_DICH_VU>23.0019.1493</MA_DICH_VU><MA_PTTT_QT></MA_PTTT_QT><MA_VAT_TU></MA_VAT_TU><MA_NHOM>1</MA_NHOM><GOI_VTYT></GOI_VTYT><TEN_VAT_TU></TEN_VAT_TU><TEN_DICH_VU>Đo hoạt độ ALT (GPT) [Máu]</TEN_DICH_VU><MA_XANG_DAU></MA_XANG_DAU><DON_VI_TINH>Lần</DON_VI_TINH><PHAM_VI>1</PHAM_VI><SO_LUONG>1</SO_LUONG><DON_GIA_BV>22400</DON_GIA_BV><DON_GIA_BH>22400</DON_GIA_BH><TT_THAU></TT_THAU><TYLE_TT_DV>100</TYLE_TT_DV><TYLE_TT_BH>100</TYLE_TT_BH><THANH_TIEN_BV>22400</THANH_TIEN_BV><THANH_TIEN_BH>22400</THANH_TIEN_BH><T_TRANTT></T_TRANTT><MUC_HUONG>100</MUC_HUONG><T_NGUONKHAC_NSNN>0</T_NGUONKHAC_NSNN><T_NGUONKHAC_VTNN>0</T_NGUONKHAC_VTNN><T_NGUONKHAC_VTTN>0</T_NGUONKHAC_VTTN><T_NGUONKHAC_CL>0</T_NGUONKHAC_CL><T_NGUONKHAC>0</T_NGUONKHAC><T_BNTT>0</T_BNTT><T_BNCCT>0</T_BNCCT><T_BHTT>22400</T_BHTT><MA_KHOA>K02</MA_KHOA><MA_GIUONG></MA_GIUONG><MA_BAC_SI>004252/ĐNAI-CCHN</MA_BAC_SI><NGUOI_THUC_HIEN>000361/ĐNAI-GPHN;004483/ĐNAI-CCHN</NGUOI_THUC_HIEN><MA_BENH>D41.1;J18; I82.2</MA_BENH><MA_BENH_YHCT></MA_BENH_YHCT><NGAY_YL>202501312106</NGAY_YL><NGAY_TH_YL>202501312234</NGAY_TH_YL><NGAY_KQ>202501312234</NGAY_KQ><MA_PTTT>1</MA_PTTT><VET_THUONG_TP></VET_THUONG_TP><PP_VO_CAM></PP_VO_CAM><VI_TRI_TH_DVKT>0</VI_TRI_TH_DVKT><MA_MAY></MA_MAY><MA_HIEU_SP></MA_HIEU_SP><TAI_SU_DUNG></TAI_SU_DUNG><DU_PHONG></DU_PHONG></CHI_TIET_DVKT>
<CHI_TIET_DVKT>
<MA_LK>25.007261</MA_LK><STT>0</STT><MA_DICH_VU>23.0007.1494</MA_DICH_VU><MA_PTTT_QT></MA_PTTT_QT><MA_VAT_TU></MA_VAT_TU><MA_NHOM>1</MA_NHOM><GOI_VTYT></GOI_VTYT><TEN_VAT_TU></TEN_VAT_TU><TEN_DICH_VU>Định lượng Albumin [Máu]</TEN_DICH_VU><MA_XANG_DAU></MA_XANG_DAU><DON_VI_TINH>Lần</DON_VI_TINH><PHAM_VI>1</PHAM_VI><SO_LUONG>1</SO_LUONG><DON_GIA_BV>22400</DON_GIA_BV><DON_GIA_BH>22400</DON_GIA_BH><TT_THAU></TT_THAU><TYLE_TT_DV>100</TYLE_TT_DV><TYLE_TT_BH>100</TYLE_TT_BH><THANH_TIEN_BV>22400</THANH_TIEN_BV><THANH_TIEN_BH>22400</THANH_TIEN_BH><T_TRANTT></T_TRANTT><MUC_HUONG>100</MUC_HUONG><T_NGUONKHAC_NSNN>0</T_NGUONKHAC_NSNN><T_NGUONKHAC_VTNN>0</T_NGUONKHAC_VTNN><T_NGUONKHAC_VTTN>0</T_NGUONKHAC_VTTN><T_NGUONKHAC_CL>0</T_NGUONKHAC_CL><T_NGUONKHAC>0</T_NGUONKHAC><T_BNTT>0</T_BNTT><T_BNCCT>0</T_BNCCT><T_BHTT>22400</T_BHTT><MA_KHOA>K02</MA_KHOA><MA_GIUONG></MA_GIUONG><MA_BAC_SI>004252/ĐNAI-CCHN</MA_BAC_SI><NGUOI_THUC_HIEN>000361/ĐNAI-GPHN;004483/ĐNAI-CCHN</NGUOI_THUC_HIEN><MA_BENH>D41.1;J18; I82.2</MA_BENH><MA_BENH_YHCT></MA_BENH_YHCT><NGAY_YL>202501312106</NGAY_YL><NGAY_TH_YL>202501312234</NGAY_TH_YL><NGAY_KQ>202501312234</NGAY_KQ><MA_PTTT>1</MA_PTTT><VET_THUONG_TP></VET_THUONG_TP><PP_VO_CAM></PP_VO_CAM><VI_TRI_TH_DVKT>0</VI_TRI_TH_DVKT><MA_MAY></MA_MAY><MA_HIEU_SP></MA_HIEU_SP><TAI_SU_DUNG></TAI_SU_DUNG><DU_PHONG></DU_PHONG></CHI_TIET_DVKT>
<CHI_TIET_DVKT>
<MA_LK>25.007261</MA_LK><STT>0</STT><MA_DICH_VU>23.0058.1487</MA_DICH_VU><MA_PTTT_QT></MA_PTTT_QT><MA_VAT_TU></MA_VAT_TU><MA_NHOM>1</MA_NHOM><GOI_VTYT></GOI_VTYT><TEN_VAT_TU></TEN_VAT_TU><TEN_DICH_VU>Điện giải đồ (Na, K, Cl) [Máu]</TEN_DICH_VU><MA_XANG_DAU></MA_XANG_DAU><DON_VI_TINH>Lần</DON_VI_TINH><PHAM_VI>1</PHAM_VI><SO_LUONG>1</SO_LUONG><DON_GIA_BV>30200</DON_GIA_BV><DON_GIA_BH>30200</DON_GIA_BH><TT_THAU></TT_THAU><TYLE_TT_DV>100</TYLE_TT_DV><TYLE_TT_BH>100</TYLE_TT_BH><THANH_TIEN_BV>30200</THANH_TIEN_BV><THANH_TIEN_BH>30200</THANH_TIEN_BH><T_TRANTT></T_TRANTT><MUC_HUONG>100</MUC_HUONG><T_NGUONKHAC_NSNN>0</T_NGUONKHAC_NSNN><T_NGUONKHAC_VTNN>0</T_NGUONKHAC_VTNN><T_NGUONKHAC_VTTN>0</T_NGUONKHAC_VTTN><T_NGUONKHAC_CL>0</T_NGUONKHAC_CL><T_NGUONKHAC>0</T_NGUONKHAC><T_BNTT>0</T_BNTT><T_BNCCT>0</T_BNCCT><T_BHTT>30200</T_BHTT><MA_KHOA>K02</MA_KHOA><MA_GIUONG></MA_GIUONG><MA_BAC_SI>004252/ĐNAI-CCHN</MA_BAC_SI><NGUOI_THUC_HIEN>000361/ĐNAI-GPHN;004483/ĐNAI-CCHN</NGUOI_THUC_HIEN><MA_BENH>D41.1;J18; I82.2</MA_BENH><MA_BENH_YHCT></MA_BENH_YHCT><NGAY_YL>202501312106</NGAY_YL><NGAY_TH_YL>202501312234</NGAY_TH_YL><NGAY_KQ>202501312234</NGAY_KQ><MA_PTTT>1</MA_PTTT><VET_THUONG_TP></VET_THUONG_TP><PP_VO_CAM></PP_VO_CAM><VI_TRI_TH_DVKT>0</VI_TRI_TH_DVKT><MA_MAY></MA_MAY><MA_HIEU_SP></MA_HIEU_SP><TAI_SU_DUNG></TAI_SU_DUNG><DU_PHONG></DU_PHONG></CHI_TIET_DVKT>
<CHI_TIET_DVKT>
<MA_LK>25.007261</MA_LK><STT>0</STT><MA_DICH_VU>18.0015.0001</MA_DICH_VU><MA_PTTT_QT></MA_PTTT_QT><MA_VAT_TU></MA_VAT_TU><MA_NHOM>2</MA_NHOM><GOI_VTYT></GOI_VTYT><TEN_VAT_TU></TEN_VAT_TU><TEN_DICH_VU>Siêu âm ổ bụng (gan mật, tụy, lách, thận,  bàng quang)</TEN_DICH_VU><MA_XANG_DAU></MA_XANG_DAU><DON_VI_TINH>Lần</DON_VI_TINH><PHAM_VI>1</PHAM_VI><SO_LUONG>1</SO_LUONG><DON_GIA_BV>58600</DON_GIA_BV><DON_GIA_BH>58600</DON_GIA_BH><TT_THAU></TT_THAU><TYLE_TT_DV>100</TYLE_TT_DV><TYLE_TT_BH>100</TYLE_TT_BH><THANH_TIEN_BV>58600</THANH_TIEN_BV><THANH_TIEN_BH>58600</THANH_TIEN_BH><T_TRANTT></T_TRANTT><MUC_HUONG>100</MUC_HUONG><T_NGUONKHAC_NSNN>0</T_NGUONKHAC_NSNN><T_NGUONKHAC_VTNN>0</T_NGUONKHAC_VTNN><T_NGUONKHAC_VTTN>0</T_NGUONKHAC_VTTN><T_NGUONKHAC_CL>0</T_NGUONKHAC_CL><T_NGUONKHAC>0</T_NGUONKHAC><T_BNTT>0</T_BNTT><T_BNCCT>0</T_BNCCT><T_BHTT>58600</T_BHTT><MA_KHOA>K02</MA_KHOA><MA_GIUONG></MA_GIUONG><MA_BAC_SI>004252/ĐNAI-CCHN</MA_BAC_SI><NGUOI_THUC_HIEN>012700/ĐNAI-CCHN;012440/ĐNAI-CCHN</NGUOI_THUC_HIEN><MA_BENH>D41.1;J18; I82.2</MA_BENH><MA_BENH_YHCT></MA_BENH_YHCT><NGAY_YL>202501312106</NGAY_YL><NGAY_TH_YL>202501312119</NGAY_TH_YL><NGAY_KQ>202501312119</NGAY_KQ><MA_PTTT>1</MA_PTTT><VET_THUONG_TP></VET_THUONG_TP><PP_VO_CAM></PP_VO_CAM><VI_TRI_TH_DVKT>0</VI_TRI_TH_DVKT><MA_MAY></MA_MAY><MA_HIEU_SP></MA_HIEU_SP><TAI_SU_DUNG></TAI_SU_DUNG><DU_PHONG></DU_PHONG></CHI_TIET_DVKT>
<CHI_TIET_DVKT>
<MA_LK>25.007261</MA_LK><STT>0</STT><MA_DICH_VU>23.0228.1483</MA_DICH_VU><MA_PTTT_QT></MA_PTTT_QT><MA_VAT_TU></MA_VAT_TU><MA_NHOM>1</MA_NHOM><GOI_VTYT></GOI_VTYT><TEN_VAT_TU></TEN_VAT_TU><TEN_DICH_VU>Định lượng CRP (C-Reactive Protein)</TEN_DICH_VU><MA_XANG_DAU></MA_XANG_DAU><DON_VI_TINH>Lần</DON_VI_TINH><PHAM_VI>1</PHAM_VI><SO_LUONG>1</SO_LUONG><DON_GIA_BV>56100</DON_GIA_BV><DON_GIA_BH>56100</DON_GIA_BH><TT_THAU></TT_THAU><TYLE_TT_DV>100</TYLE_TT_DV><TYLE_TT_BH>100</TYLE_TT_BH><THANH_TIEN_BV>56100</THANH_TIEN_BV><THANH_TIEN_BH>56100</THANH_TIEN_BH><T_TRANTT></T_TRANTT><MUC_HUONG>100</MUC_HUONG><T_NGUONKHAC_NSNN>0</T_NGUONKHAC_NSNN><T_NGUONKHAC_VTNN>0</T_NGUONKHAC_VTNN><T_NGUONKHAC_VTTN>0</T_NGUONKHAC_VTTN><T_NGUONKHAC_CL>0</T_NGUONKHAC_CL><T_NGUONKHAC>0</T_NGUONKHAC><T_BNTT>0</T_BNTT><T_BNCCT>0</T_BNCCT><T_BHTT>56100</T_BHTT><MA_KHOA>K02</MA_KHOA><MA_GIUONG></MA_GIUONG><MA_BAC_SI>004252/ĐNAI-CCHN</MA_BAC_SI><NGUOI_THUC_HIEN>000361/ĐNAI-GPHN;004483/ĐNAI-CCHN</NGUOI_THUC_HIEN><MA_BENH>D41.1;J18; I82.2</MA_BENH><MA_BENH_YHCT></MA_BENH_YHCT><NGAY_YL>202501312106</NGAY_YL><NGAY_TH_YL>202501312234</NGAY_TH_YL><NGAY_KQ>202501312234</NGAY_KQ><MA_PTTT>1</MA_PTTT><VET_THUONG_TP></VET_THUONG_TP><PP_VO_CAM></PP_VO_CAM><VI_TRI_TH_DVKT>0</VI_TRI_TH_DVKT><MA_MAY></MA_MAY><MA_HIEU_SP></MA_HIEU_SP><TAI_SU_DUNG></TAI_SU_DUNG><DU_PHONG></DU_PHONG></CHI_TIET_DVKT>
<CHI_TIET_DVKT>
<MA_LK>25.007261</MA_LK><STT>0</STT><MA_DICH_VU>21.0014.1778</MA_DICH_VU><MA_PTTT_QT></MA_PTTT_QT><MA_VAT_TU></MA_VAT_TU><MA_NHOM>3</MA_NHOM><GOI_VTYT></GOI_VTYT><TEN_VAT_TU></TEN_VAT_TU><TEN_DICH_VU>Điện tim thường</TEN_DICH_VU><MA_XANG_DAU></MA_XANG_DAU><DON_VI_TINH>Lần</DON_VI_TINH><PHAM_VI>1</PHAM_VI><SO_LUONG>1</SO_LUONG><DON_GIA_BV>39900</DON_GIA_BV><DON_GIA_BH>39900</DON_GIA_BH><TT_THAU></TT_THAU><TYLE_TT_DV>100</TYLE_TT_DV><TYLE_TT_BH>100</TYLE_TT_BH><THANH_TIEN_BV>39900</THANH_TIEN_BV><THANH_TIEN_BH>39900</THANH_TIEN_BH><T_TRANTT></T_TRANTT><MUC_HUONG>100</MUC_HUONG><T_NGUONKHAC_NSNN>0</T_NGUONKHAC_NSNN><T_NGUONKHAC_VTNN>0</T_NGUONKHAC_VTNN><T_NGUONKHAC_VTTN>0</T_NGUONKHAC_VTTN><T_NGUONKHAC_CL>0</T_NGUONKHAC_CL><T_NGUONKHAC>0</T_NGUONKHAC><T_BNTT>0</T_BNTT><T_BNCCT>0</T_BNCCT><T_BHTT>39900</T_BHTT><MA_KHOA>K02</MA_KHOA><MA_GIUONG></MA_GIUONG><MA_BAC_SI>004252/ĐNAI-CCHN</MA_BAC_SI><NGUOI_THUC_HIEN>004252/ĐNAI-CCHN</NGUOI_THUC_HIEN><MA_BENH>D41.1;J18; I82.2</MA_BENH><MA_BENH_YHCT></MA_BENH_YHCT><NGAY_YL>202501312106</NGAY_YL><NGAY_TH_YL>202501312107</NGAY_TH_YL><NGAY_KQ>202501312107</NGAY_KQ><MA_PTTT>1</MA_PTTT><VET_THUONG_TP></VET_THUONG_TP><PP_VO_CAM></PP_VO_CAM><VI_TRI_TH_DVKT>0</VI_TRI_TH_DVKT><MA_MAY></MA_MAY><MA_HIEU_SP></MA_HIEU_SP><TAI_SU_DUNG></TAI_SU_DUNG><DU_PHONG></DU_PHONG></CHI_TIET_DVKT>
</DSACH_CHI_TIET_DVKT>
</CHITIEU_CHITIET_DVKT_VTYT>
</NOIDUNGFILE>
</FILEHOSO>
<FILEHOSO>
<LOAIHOSO>XML4</LOAIHOSO>
<NOIDUNGFILE><CHITIEU_CHITIET_DICHVUCANLAMSANG>
<DSACH_CHI_TIET_CLS>
<CHI_TIET_CLS>
<MA_LK>25.007261</MA_LK><STT>0</STT><MA_DICH_VU>22.0121.1369</MA_DICH_VU><MA_CHI_SO>H01</MA_CHI_SO><TEN_CHI_SO>NRBC#</TEN_CHI_SO><GIA_TRI>0.00</GIA_TRI><DON_VI_DO>K/µL</DON_VI_DO><MO_TA></MO_TA><KET_LUAN>Chưa nhận thấy bất thường</KET_LUAN><NGAY_KQ>202501312211</NGAY_KQ><MA_BS_DOC_KQ>002884/ĐNAI-CCHN</MA_BS_DOC_KQ><DU_PHONG></DU_PHONG></CHI_TIET_CLS>
<CHI_TIET_CLS>
<MA_LK>25.007261</MA_LK><STT>0</STT><MA_DICH_VU>22.0121.1369</MA_DICH_VU><MA_CHI_SO>H01</MA_CHI_SO><TEN_CHI_SO>MPV</TEN_CHI_SO><GIA_TRI>7.1</GIA_TRI><DON_VI_DO>fL</DON_VI_DO><MO_TA></MO_TA><KET_LUAN>Chưa nhận thấy bất thường</KET_LUAN><NGAY_KQ>202501312211</NGAY_KQ><MA_BS_DOC_KQ>002884/ĐNAI-CCHN</MA_BS_DOC_KQ><DU_PHONG></DU_PHONG></CHI_TIET_CLS>
<CHI_TIET_CLS>
<MA_LK>25.007261</MA_LK><STT>0</STT><MA_DICH_VU>22.0121.1369</MA_DICH_VU><MA_CHI_SO>H01</MA_CHI_SO><TEN_CHI_SO>PLT</TEN_CHI_SO><GIA_TRI>264</GIA_TRI><DON_VI_DO>K/µl</DON_VI_DO><MO_TA></MO_TA><KET_LUAN>Chưa nhận thấy bất thường</KET_LUAN><NGAY_KQ>202501312211</NGAY_KQ><MA_BS_DOC_KQ>002884/ĐNAI-CCHN</MA_BS_DOC_KQ><DU_PHONG></DU_PHONG></CHI_TIET_CLS>
<CHI_TIET_CLS>
<MA_LK>25.007261</MA_LK><STT>0</STT><MA_DICH_VU>22.0121.1369</MA_DICH_VU><MA_CHI_SO>H01</MA_CHI_SO><TEN_CHI_SO>RDW%</TEN_CHI_SO><GIA_TRI>18.4</GIA_TRI><DON_VI_DO>%</DON_VI_DO><MO_TA></MO_TA><KET_LUAN>Chưa nhận thấy bất thường</KET_LUAN><NGAY_KQ>202501312211</NGAY_KQ><MA_BS_DOC_KQ>002884/ĐNAI-CCHN</MA_BS_DOC_KQ><DU_PHONG></DU_PHONG></CHI_TIET_CLS>
<CHI_TIET_CLS>
<MA_LK>25.007261</MA_LK><STT>0</STT><MA_DICH_VU>22.0121.1369</MA_DICH_VU><MA_CHI_SO>H01</MA_CHI_SO><TEN_CHI_SO>RDW-SD</TEN_CHI_SO><GIA_TRI>52.5</GIA_TRI><DON_VI_DO>fL</DON_VI_DO><MO_TA></MO_TA><KET_LUAN>Chưa nhận thấy bất thường</KET_LUAN><NGAY_KQ>202501312211</NGAY_KQ><MA_BS_DOC_KQ>002884/ĐNAI-CCHN</MA_BS_DOC_KQ><DU_PHONG></DU_PHONG></CHI_TIET_CLS>
<CHI_TIET_CLS>
<MA_LK>25.007261</MA_LK><STT>0</STT><MA_DICH_VU>22.0121.1369</MA_DICH_VU><MA_CHI_SO>H01</MA_CHI_SO><TEN_CHI_SO>MCHC</TEN_CHI_SO><GIA_TRI>30.7</GIA_TRI><DON_VI_DO>g/dL</DON_VI_DO><MO_TA></MO_TA><KET_LUAN>Chưa nhận thấy bất thường</KET_LUAN><NGAY_KQ>202501312211</NGAY_KQ><MA_BS_DOC_KQ>002884/ĐNAI-CCHN</MA_BS_DOC_KQ><DU_PHONG></DU_PHONG></CHI_TIET_CLS>
<CHI_TIET_CLS>
<MA_LK>25.007261</MA_LK><STT>0</STT><MA_DICH_VU>22.0121.1369</MA_DICH_VU><MA_CHI_SO>H01</MA_CHI_SO><TEN_CHI_SO>MCH</TEN_CHI_SO><GIA_TRI>24.5</GIA_TRI><DON_VI_DO>pg</DON_VI_DO><MO_TA></MO_TA><KET_LUAN>Chưa nhận thấy bất thường</KET_LUAN><NGAY_KQ>202501312211</NGAY_KQ><MA_BS_DOC_KQ>002884/ĐNAI-CCHN</MA_BS_DOC_KQ><DU_PHONG></DU_PHONG></CHI_TIET_CLS>
<CHI_TIET_CLS>
<MA_LK>25.007261</MA_LK><STT>0</STT><MA_DICH_VU>22.0121.1369</MA_DICH_VU><MA_CHI_SO>H01</MA_CHI_SO><TEN_CHI_SO>MCV</TEN_CHI_SO><GIA_TRI>79.7</GIA_TRI><DON_VI_DO>fL</DON_VI_DO><MO_TA></MO_TA><KET_LUAN>Chưa nhận thấy bất thường</KET_LUAN><NGAY_KQ>202501312211</NGAY_KQ><MA_BS_DOC_KQ>002884/ĐNAI-CCHN</MA_BS_DOC_KQ><DU_PHONG></DU_PHONG></CHI_TIET_CLS>
<CHI_TIET_CLS>
<MA_LK>25.007261</MA_LK><STT>0</STT><MA_DICH_VU>22.0121.1369</MA_DICH_VU><MA_CHI_SO>H01</MA_CHI_SO><TEN_CHI_SO>HCT%</TEN_CHI_SO><GIA_TRI>25.8</GIA_TRI><DON_VI_DO>%</DON_VI_DO><MO_TA></MO_TA><KET_LUAN>Chưa nhận thấy bất thường</KET_LUAN><NGAY_KQ>202501312211</NGAY_KQ><MA_BS_DOC_KQ>002884/ĐNAI-CCHN</MA_BS_DOC_KQ><DU_PHONG></DU_PHONG></CHI_TIET_CLS>
<CHI_TIET_CLS>
<MA_LK>25.007261</MA_LK><STT>0</STT><MA_DICH_VU>22.0121.1369</MA_DICH_VU><MA_CHI_SO>H01</MA_CHI_SO><TEN_CHI_SO>HGB</TEN_CHI_SO><GIA_TRI>7.9</GIA_TRI><DON_VI_DO>g/dL</DON_VI_DO><MO_TA></MO_TA><KET_LUAN>Chưa nhận thấy bất thường</KET_LUAN><NGAY_KQ>202501312211</NGAY_KQ><MA_BS_DOC_KQ>002884/ĐNAI-CCHN</MA_BS_DOC_KQ><DU_PHONG></DU_PHONG></CHI_TIET_CLS>
<CHI_TIET_CLS>
<MA_LK>25.007261</MA_LK><STT>0</STT><MA_DICH_VU>22.0121.1369</MA_DICH_VU><MA_CHI_SO>H01</MA_CHI_SO><TEN_CHI_SO>RBC</TEN_CHI_SO><GIA_TRI>3.24</GIA_TRI><DON_VI_DO>M/µL</DON_VI_DO><MO_TA></MO_TA><KET_LUAN>Chưa nhận thấy bất thường</KET_LUAN><NGAY_KQ>202501312211</NGAY_KQ><MA_BS_DOC_KQ>002884/ĐNAI-CCHN</MA_BS_DOC_KQ><DU_PHONG></DU_PHONG></CHI_TIET_CLS>
<CHI_TIET_CLS>
<MA_LK>25.007261</MA_LK><STT>0</STT><MA_DICH_VU>22.0121.1369</MA_DICH_VU><MA_CHI_SO>H01</MA_CHI_SO><TEN_CHI_SO>BASO%</TEN_CHI_SO><GIA_TRI>0.5</GIA_TRI><DON_VI_DO>%</DON_VI_DO><MO_TA></MO_TA><KET_LUAN>Chưa nhận thấy bất thường</KET_LUAN><NGAY_KQ>202501312211</NGAY_KQ><MA_BS_DOC_KQ>002884/ĐNAI-CCHN</MA_BS_DOC_KQ><DU_PHONG></DU_PHONG></CHI_TIET_CLS>
<CHI_TIET_CLS>
<MA_LK>25.007261</MA_LK><STT>0</STT><MA_DICH_VU>22.0121.1369</MA_DICH_VU><MA_CHI_SO>H01</MA_CHI_SO><TEN_CHI_SO>EOS%</TEN_CHI_SO><GIA_TRI>0.3</GIA_TRI><DON_VI_DO>%</DON_VI_DO><MO_TA></MO_TA><KET_LUAN>Chưa nhận thấy bất thường</KET_LUAN><NGAY_KQ>202501312211</NGAY_KQ><MA_BS_DOC_KQ>002884/ĐNAI-CCHN</MA_BS_DOC_KQ><DU_PHONG></DU_PHONG></CHI_TIET_CLS>
<CHI_TIET_CLS>
<MA_LK>25.007261</MA_LK><STT>0</STT><MA_DICH_VU>22.0121.1369</MA_DICH_VU><MA_CHI_SO>H01</MA_CHI_SO><TEN_CHI_SO>MONO%</TEN_CHI_SO><GIA_TRI>10.2</GIA_TRI><DON_VI_DO>%</DON_VI_DO><MO_TA></MO_TA><KET_LUAN>Chưa nhận thấy bất thường</KET_LUAN><NGAY_KQ>202501312211</NGAY_KQ><MA_BS_DOC_KQ>002884/ĐNAI-CCHN</MA_BS_DOC_KQ><DU_PHONG></DU_PHONG></CHI_TIET_CLS>
<CHI_TIET_CLS>
<MA_LK>25.007261</MA_LK><STT>0</STT><MA_DICH_VU>22.0121.1369</MA_DICH_VU><MA_CHI_SO>H01</MA_CHI_SO><TEN_CHI_SO>LYM%</TEN_CHI_SO><GIA_TRI>4.7</GIA_TRI><DON_VI_DO>%</DON_VI_DO><MO_TA></MO_TA><KET_LUAN>Chưa nhận thấy bất thường</KET_LUAN><NGAY_KQ>202501312211</NGAY_KQ><MA_BS_DOC_KQ>002884/ĐNAI-CCHN</MA_BS_DOC_KQ><DU_PHONG></DU_PHONG></CHI_TIET_CLS>
<CHI_TIET_CLS>
<MA_LK>25.007261</MA_LK><STT>0</STT><MA_DICH_VU>22.0121.1369</MA_DICH_VU><MA_CHI_SO>H01</MA_CHI_SO><TEN_CHI_SO>NEU%</TEN_CHI_SO><GIA_TRI>84.3</GIA_TRI><DON_VI_DO>%</DON_VI_DO><MO_TA></MO_TA><KET_LUAN>Chưa nhận thấy bất thường</KET_LUAN><NGAY_KQ>202501312211</NGAY_KQ><MA_BS_DOC_KQ>002884/ĐNAI-CCHN</MA_BS_DOC_KQ><DU_PHONG></DU_PHONG></CHI_TIET_CLS>
<CHI_TIET_CLS>
<MA_LK>25.007261</MA_LK><STT>0</STT><MA_DICH_VU>22.0121.1369</MA_DICH_VU><MA_CHI_SO>H01</MA_CHI_SO><TEN_CHI_SO>BASO#</TEN_CHI_SO><GIA_TRI>0.1</GIA_TRI><DON_VI_DO>K/µL</DON_VI_DO><MO_TA></MO_TA><KET_LUAN>Chưa nhận thấy bất thường</KET_LUAN><NGAY_KQ>202501312211</NGAY_KQ><MA_BS_DOC_KQ>002884/ĐNAI-CCHN</MA_BS_DOC_KQ><DU_PHONG></DU_PHONG></CHI_TIET_CLS>
<CHI_TIET_CLS>
<MA_LK>25.007261</MA_LK><STT>0</STT><MA_DICH_VU>22.0121.1369</MA_DICH_VU><MA_CHI_SO>H01</MA_CHI_SO><TEN_CHI_SO>EOS#</TEN_CHI_SO><GIA_TRI>0.0</GIA_TRI><DON_VI_DO>K/µL</DON_VI_DO><MO_TA></MO_TA><KET_LUAN>Chưa nhận thấy bất thường</KET_LUAN><NGAY_KQ>202501312211</NGAY_KQ><MA_BS_DOC_KQ>002884/ĐNAI-CCHN</MA_BS_DOC_KQ><DU_PHONG></DU_PHONG></CHI_TIET_CLS>
<CHI_TIET_CLS>
<MA_LK>25.007261</MA_LK><STT>0</STT><MA_DICH_VU>22.0121.1369</MA_DICH_VU><MA_CHI_SO>H01</MA_CHI_SO><TEN_CHI_SO>MONO#</TEN_CHI_SO><GIA_TRI>1.3</GIA_TRI><DON_VI_DO>K/µL</DON_VI_DO><MO_TA></MO_TA><KET_LUAN>Chưa nhận thấy bất thường</KET_LUAN><NGAY_KQ>202501312211</NGAY_KQ><MA_BS_DOC_KQ>002884/ĐNAI-CCHN</MA_BS_DOC_KQ><DU_PHONG></DU_PHONG></CHI_TIET_CLS>
<CHI_TIET_CLS>
<MA_LK>25.007261</MA_LK><STT>0</STT><MA_DICH_VU>22.0121.1369</MA_DICH_VU><MA_CHI_SO>H01</MA_CHI_SO><TEN_CHI_SO>LYM#</TEN_CHI_SO><GIA_TRI>0.6</GIA_TRI><DON_VI_DO>K/µL</DON_VI_DO><MO_TA></MO_TA><KET_LUAN>Chưa nhận thấy bất thường</KET_LUAN><NGAY_KQ>202501312211</NGAY_KQ><MA_BS_DOC_KQ>002884/ĐNAI-CCHN</MA_BS_DOC_KQ><DU_PHONG></DU_PHONG></CHI_TIET_CLS>
<CHI_TIET_CLS>
<MA_LK>25.007261</MA_LK><STT>0</STT><MA_DICH_VU>22.0121.1369</MA_DICH_VU><MA_CHI_SO>H01</MA_CHI_SO><TEN_CHI_SO>NEU#</TEN_CHI_SO><GIA_TRI>10.7</GIA_TRI><DON_VI_DO>K/µL</DON_VI_DO><MO_TA></MO_TA><KET_LUAN>Chưa nhận thấy bất thường</KET_LUAN><NGAY_KQ>202501312211</NGAY_KQ><MA_BS_DOC_KQ>002884/ĐNAI-CCHN</MA_BS_DOC_KQ><DU_PHONG></DU_PHONG></CHI_TIET_CLS>
<CHI_TIET_CLS>
<MA_LK>25.007261</MA_LK><STT>0</STT><MA_DICH_VU>22.0121.1369</MA_DICH_VU><MA_CHI_SO>H01</MA_CHI_SO><TEN_CHI_SO>WBC</TEN_CHI_SO><GIA_TRI>12.6</GIA_TRI><DON_VI_DO>K/µL</DON_VI_DO><MO_TA></MO_TA><KET_LUAN>Chưa nhận thấy bất thường</KET_LUAN><NGAY_KQ>202501312211</NGAY_KQ><MA_BS_DOC_KQ>002884/ĐNAI-CCHN</MA_BS_DOC_KQ><DU_PHONG></DU_PHONG></CHI_TIET_CLS>
<CHI_TIET_CLS>
<MA_LK>25.007261</MA_LK><STT>0</STT><MA_DICH_VU>22.0013.1242</MA_DICH_VU><MA_CHI_SO>H01</MA_CHI_SO><TEN_CHI_SO>Định lượng Fibrinogen (Tên khác: Định lượng yếu tố I), phương pháp Clauss- phương pháp trực tiếp, bằng máy tự động</TEN_CHI_SO><GIA_TRI>5.26</GIA_TRI><DON_VI_DO>g/L</DON_VI_DO><MO_TA></MO_TA><KET_LUAN>Chưa nhận thấy bất thường</KET_LUAN><NGAY_KQ>202501312211</NGAY_KQ><MA_BS_DOC_KQ>002884/ĐNAI-CCHN</MA_BS_DOC_KQ><DU_PHONG></DU_PHONG></CHI_TIET_CLS>
<CHI_TIET_CLS>
<MA_LK>25.007261</MA_LK><STT>0</STT><MA_DICH_VU>22.0005.1354</MA_DICH_VU><MA_CHI_SO>H01</MA_CHI_SO><TEN_CHI_SO>(Ratio)</TEN_CHI_SO><GIA_TRI>1.10</GIA_TRI><DON_VI_DO></DON_VI_DO><MO_TA></MO_TA><KET_LUAN>Chưa nhận thấy bất thường</KET_LUAN><NGAY_KQ>202501312211</NGAY_KQ><MA_BS_DOC_KQ>002884/ĐNAI-CCHN</MA_BS_DOC_KQ><DU_PHONG></DU_PHONG></CHI_TIET_CLS>
<CHI_TIET_CLS>
<MA_LK>25.007261</MA_LK><STT>0</STT><MA_DICH_VU>22.0005.1354</MA_DICH_VU><MA_CHI_SO>H01</MA_CHI_SO><TEN_CHI_SO>(TCK)</TEN_CHI_SO><GIA_TRI>32.9</GIA_TRI><DON_VI_DO>Giây (s)</DON_VI_DO><MO_TA></MO_TA><KET_LUAN>Chưa nhận thấy bất thường</KET_LUAN><NGAY_KQ>202501312211</NGAY_KQ><MA_BS_DOC_KQ>002884/ĐNAI-CCHN</MA_BS_DOC_KQ><DU_PHONG></DU_PHONG></CHI_TIET_CLS>
<CHI_TIET_CLS>
<MA_LK>25.007261</MA_LK><STT>0</STT><MA_DICH_VU>22.0001.1352</MA_DICH_VU><MA_CHI_SO>H01</MA_CHI_SO><TEN_CHI_SO>(PT)</TEN_CHI_SO><GIA_TRI>37</GIA_TRI><DON_VI_DO>%</DON_VI_DO><MO_TA></MO_TA><KET_LUAN>Chưa nhận thấy bất thường</KET_LUAN><NGAY_KQ>202501312211</NGAY_KQ><MA_BS_DOC_KQ>002884/ĐNAI-CCHN</MA_BS_DOC_KQ><DU_PHONG></DU_PHONG></CHI_TIET_CLS>
<CHI_TIET_CLS>
<MA_LK>25.007261</MA_LK><STT>0</STT><MA_DICH_VU>22.0001.1352</MA_DICH_VU><MA_CHI_SO>H01</MA_CHI_SO><TEN_CHI_SO>(INR)</TEN_CHI_SO><GIA_TRI>2.07</GIA_TRI><DON_VI_DO></DON_VI_DO><MO_TA></MO_TA><KET_LUAN>Chưa nhận thấy bất thường</KET_LUAN><NGAY_KQ>202501312211</NGAY_KQ><MA_BS_DOC_KQ>002884/ĐNAI-CCHN</MA_BS_DOC_KQ><DU_PHONG></DU_PHONG></CHI_TIET_CLS>
<CHI_TIET_CLS>
<MA_LK>25.007261</MA_LK><STT>0</STT><MA_DICH_VU>22.0001.1352</MA_DICH_VU><MA_CHI_SO>H01</MA_CHI_SO><TEN_CHI_SO>(TQ)</TEN_CHI_SO><GIA_TRI>22.8</GIA_TRI><DON_VI_DO>Giây (s)</DON_VI_DO><MO_TA></MO_TA><KET_LUAN>Chưa nhận thấy bất thường</KET_LUAN><NGAY_KQ>202501312211</NGAY_KQ><MA_BS_DOC_KQ>002884/ĐNAI-CCHN</MA_BS_DOC_KQ><DU_PHONG></DU_PHONG></CHI_TIET_CLS>
<CHI_TIET_CLS>
<MA_LK>25.007261</MA_LK><STT>0</STT><MA_DICH_VU>18.0119.0028</MA_DICH_VU><MA_CHI_SO>H01</MA_CHI_SO><TEN_CHI_SO>Chụp X-quang ngực thẳng [số hóa 1 phim]</TEN_CHI_SO><GIA_TRI></GIA_TRI><DON_VI_DO></DON_VI_DO><MO_TA>1. Phổi:
- Phế trường: Mờ không đồng nhất phổi (P) 
- Rốn phổi: bình thường
2. Trung thất:
- Khí - phế quản: bình thường
- Bóng tim: không to. Mạch máu bình thường
3. Màng phổi: mờ góc sườn hoành (T) 
4. Thành ngực: Gãy cũ xương sườn hai bên. Xẹp thân đốt sống D12 
5. Vòm hoành: không thấy bất thường

</MO_TA><KET_LUAN>- Theo dõi: Viêm phổi + Tràn dịch màng phổi (T) 
- Gãy cũ xương sườn hai bên. Xẹp thân đốt sống D12 </KET_LUAN><NGAY_KQ>202501312228</NGAY_KQ><MA_BS_DOC_KQ>003364/ĐNAI-CCHN</MA_BS_DOC_KQ><DU_PHONG></DU_PHONG></CHI_TIET_CLS>
<CHI_TIET_CLS>
<MA_LK>25.007261</MA_LK><STT>0</STT><MA_DICH_VU>23.0166.1494</MA_DICH_VU><MA_CHI_SO>H01</MA_CHI_SO><TEN_CHI_SO>Định lượng Urê máu [Máu]</TEN_CHI_SO><GIA_TRI>4.13</GIA_TRI><DON_VI_DO>mmol/L</DON_VI_DO><MO_TA></MO_TA><KET_LUAN>Chưa nhận thấy bất thường</KET_LUAN><NGAY_KQ>202501312234</NGAY_KQ><MA_BS_DOC_KQ>000361/ĐNAI-GPHN</MA_BS_DOC_KQ><DU_PHONG></DU_PHONG></CHI_TIET_CLS>
<CHI_TIET_CLS>
<MA_LK>25.007261</MA_LK><STT>0</STT><MA_DICH_VU>23.0075.1494</MA_DICH_VU><MA_CHI_SO>H01</MA_CHI_SO><TEN_CHI_SO>Định lượng Glucose [Máu]</TEN_CHI_SO><GIA_TRI>9.09</GIA_TRI><DON_VI_DO>mmol/L</DON_VI_DO><MO_TA></MO_TA><KET_LUAN>Chưa nhận thấy bất thường</KET_LUAN><NGAY_KQ>202501312234</NGAY_KQ><MA_BS_DOC_KQ>000361/ĐNAI-GPHN</MA_BS_DOC_KQ><DU_PHONG></DU_PHONG></CHI_TIET_CLS>
<CHI_TIET_CLS>
<MA_LK>25.007261</MA_LK><STT>0</STT><MA_DICH_VU>23.0051.1494</MA_DICH_VU><MA_CHI_SO>H01</MA_CHI_SO><TEN_CHI_SO>Định lượng Creatinin (máu)</TEN_CHI_SO><GIA_TRI>51.80</GIA_TRI><DON_VI_DO>umol/L</DON_VI_DO><MO_TA></MO_TA><KET_LUAN>Chưa nhận thấy bất thường</KET_LUAN><NGAY_KQ>202501312234</NGAY_KQ><MA_BS_DOC_KQ>000361/ĐNAI-GPHN</MA_BS_DOC_KQ><DU_PHONG></DU_PHONG></CHI_TIET_CLS>
<CHI_TIET_CLS>
<MA_LK>25.007261</MA_LK><STT>0</STT><MA_DICH_VU>23.0020.1493</MA_DICH_VU><MA_CHI_SO>H01</MA_CHI_SO><TEN_CHI_SO>Đo hoạt độ AST (GOT) [Máu]</TEN_CHI_SO><GIA_TRI>21.60</GIA_TRI><DON_VI_DO>U/L</DON_VI_DO><MO_TA></MO_TA><KET_LUAN>Chưa nhận thấy bất thường</KET_LUAN><NGAY_KQ>202501312234</NGAY_KQ><MA_BS_DOC_KQ>000361/ĐNAI-GPHN</MA_BS_DOC_KQ><DU_PHONG></DU_PHONG></CHI_TIET_CLS>
<CHI_TIET_CLS>
<MA_LK>25.007261</MA_LK><STT>0</STT><MA_DICH_VU>23.0019.1493</MA_DICH_VU><MA_CHI_SO>H01</MA_CHI_SO><TEN_CHI_SO>Đo hoạt độ ALT (GPT) [Máu]</TEN_CHI_SO><GIA_TRI>12.00</GIA_TRI><DON_VI_DO>U/L</DON_VI_DO><MO_TA></MO_TA><KET_LUAN>Chưa nhận thấy bất thường</KET_LUAN><NGAY_KQ>202501312234</NGAY_KQ><MA_BS_DOC_KQ>000361/ĐNAI-GPHN</MA_BS_DOC_KQ><DU_PHONG></DU_PHONG></CHI_TIET_CLS>
<CHI_TIET_CLS>
<MA_LK>25.007261</MA_LK><STT>0</STT><MA_DICH_VU>23.0007.1494</MA_DICH_VU><MA_CHI_SO>H01</MA_CHI_SO><TEN_CHI_SO>Định lượng Albumin [Máu]</TEN_CHI_SO><GIA_TRI>23</GIA_TRI><DON_VI_DO>g/l</DON_VI_DO><MO_TA></MO_TA><KET_LUAN>Chưa nhận thấy bất thường</KET_LUAN><NGAY_KQ>202501312234</NGAY_KQ><MA_BS_DOC_KQ>000361/ĐNAI-GPHN</MA_BS_DOC_KQ><DU_PHONG></DU_PHONG></CHI_TIET_CLS>
<CHI_TIET_CLS>
<MA_LK>25.007261</MA_LK><STT>0</STT><MA_DICH_VU>23.0058.1487</MA_DICH_VU><MA_CHI_SO>H01</MA_CHI_SO><TEN_CHI_SO>Chloride(Cl)</TEN_CHI_SO><GIA_TRI>93.7</GIA_TRI><DON_VI_DO>mmol/L</DON_VI_DO><MO_TA></MO_TA><KET_LUAN>Chưa nhận thấy bất thường</KET_LUAN><NGAY_KQ>202501312234</NGAY_KQ><MA_BS_DOC_KQ>000361/ĐNAI-GPHN</MA_BS_DOC_KQ><DU_PHONG></DU_PHONG></CHI_TIET_CLS>
<CHI_TIET_CLS>
<MA_LK>25.007261</MA_LK><STT>0</STT><MA_DICH_VU>23.0058.1487</MA_DICH_VU><MA_CHI_SO>H01</MA_CHI_SO><TEN_CHI_SO>Potassium(K)</TEN_CHI_SO><GIA_TRI>4.1</GIA_TRI><DON_VI_DO>mmol/L</DON_VI_DO><MO_TA></MO_TA><KET_LUAN>Chưa nhận thấy bất thường</KET_LUAN><NGAY_KQ>202501312234</NGAY_KQ><MA_BS_DOC_KQ>000361/ĐNAI-GPHN</MA_BS_DOC_KQ><DU_PHONG></DU_PHONG></CHI_TIET_CLS>
<CHI_TIET_CLS>
<MA_LK>25.007261</MA_LK><STT>0</STT><MA_DICH_VU>23.0058.1487</MA_DICH_VU><MA_CHI_SO>H01</MA_CHI_SO><TEN_CHI_SO>Sodium(Na)</TEN_CHI_SO><GIA_TRI>128.2</GIA_TRI><DON_VI_DO>mmol/L</DON_VI_DO><MO_TA></MO_TA><KET_LUAN>Chưa nhận thấy bất thường</KET_LUAN><NGAY_KQ>202501312234</NGAY_KQ><MA_BS_DOC_KQ>000361/ĐNAI-GPHN</MA_BS_DOC_KQ><DU_PHONG></DU_PHONG></CHI_TIET_CLS>
<CHI_TIET_CLS>
<MA_LK>25.007261</MA_LK><STT>0</STT><MA_DICH_VU>18.0015.0001</MA_DICH_VU><MA_CHI_SO>H01</MA_CHI_SO><TEN_CHI_SO>Siêu âm ổ bụng (gan mật, tụy, lách, thận,  bàng quang)</TEN_CHI_SO><GIA_TRI></GIA_TRI><DON_VI_DO></DON_VI_DO><MO_TA>Gan : Cấu trúc đồng dạng. Gan không to, bờ đều.
Mật: Túi mật có vài sỏi dmax # 14mm . Đường mật trong gan không dãn.
Lách không to, cấu trúc đồng dạng.
Tuỵ: Đầu , thân và đuôi tuỵ kích thước và cấu trúc bình thường.
Thận (P) : không đồng nhất , cực dưới có cấu trúc echo kém d# 92x82 mm , đống vôi trung tâm . 
Thận (T) : không sỏi , không ứ nước.
Bàng quang không sỏi, vách không dày.
Dịch tự do trong ổ bụng lượng vừa 
Tràn dịch màng phổi (P) lượng ít.   
Tĩnh mạch chủ dưới lòng lấp đầy cấu trúc echo kém , doppler (-) .
Dọc động mạch chủ bụng có vài cấu trúc echo kém dmax# 73x50mm 
</MO_TA><KET_LUAN>u thận (P)
Hạch di cặn dọc động mạch chủ bụng
huyết khối lấp hoàn toàn tĩnh mạch chủ dưới
Tràn dịch màng phổi (P) lượng ít. 
Dịch tự do trong ổ bụng lượng vừa
sỏi túi mật </KET_LUAN><NGAY_KQ>202501312129</NGAY_KQ><MA_BS_DOC_KQ>012700/ĐNAI-CCHN</MA_BS_DOC_KQ><DU_PHONG></DU_PHONG></CHI_TIET_CLS>
<CHI_TIET_CLS>
<MA_LK>25.007261</MA_LK><STT>0</STT><MA_DICH_VU>23.0228.1483</MA_DICH_VU><MA_CHI_SO>H01</MA_CHI_SO><TEN_CHI_SO>Định lượng CRP (C-Reactive Protein)</TEN_CHI_SO><GIA_TRI>199.60</GIA_TRI><DON_VI_DO>mg/L</DON_VI_DO><MO_TA></MO_TA><KET_LUAN>Chưa nhận thấy bất thường</KET_LUAN><NGAY_KQ>202501312234</NGAY_KQ><MA_BS_DOC_KQ>000361/ĐNAI-GPHN</MA_BS_DOC_KQ><DU_PHONG></DU_PHONG></CHI_TIET_CLS>
<CHI_TIET_CLS>
<MA_LK>25.007261</MA_LK><STT>0</STT><MA_DICH_VU>21.0014.1778</MA_DICH_VU><MA_CHI_SO>H01</MA_CHI_SO><TEN_CHI_SO>Điện tim thường</TEN_CHI_SO><GIA_TRI></GIA_TRI><DON_VI_DO>lần</DON_VI_DO><MO_TA>
- Nhịp xoang, tần số :104
- Ngoại tâm thu nhĩ :
- Ngoại tâm thu thất :
- SV1 + RV5,6 :
- SV3 + RaVL :
- ST chênh :
- T :
- Khoảng QT :
</MO_TA><KET_LUAN>NHỊP NHANH XOANG</KET_LUAN><NGAY_KQ>202501312114</NGAY_KQ><MA_BS_DOC_KQ>004252/ĐNAI-CCHN</MA_BS_DOC_KQ><DU_PHONG></DU_PHONG></CHI_TIET_CLS>
</DSACH_CHI_TIET_CLS>
</CHITIEU_CHITIET_DICHVUCANLAMSANG>
</NOIDUNGFILE>
</FILEHOSO>
<FILEHOSO>
<LOAIHOSO>XML5</LOAIHOSO>
<NOIDUNGFILE><CHITIEU_CHITIET_DIENBIENLAMSANG>
<DSACH_CHI_TIET_DIEN_BIEN_BENH>
<CHI_TIET_DIEN_BIEN_BENH>
<MA_LK>25.007261</MA_LK><STT>2</STT><DIEN_BIEN_LS>Suy thận cấp - viêm phổi mức độ nặng - K thận di căn ổ bụng - di căn gan - hạ albumin máu ;Viêm phổi, tác nhân không đặc hiệu;U ác của bể thận;Suy thận cấp</DIEN_BIEN_LS><GIAI_DOAN_BENH></GIAI_DOAN_BENH><HOI_CHAN></HOI_CHAN><PHAU_THUAT></PHAU_THUAT><THOI_DIEM_DBLS>202501312203</THOI_DIEM_DBLS><NGUOI_THUC_HIEN>004252/ĐNAI-CCHN</NGUOI_THUC_HIEN><DU_PHONG></DU_PHONG></CHI_TIET_DIEN_BIEN_BENH>
<CHI_TIET_DIEN_BIEN_BENH>
<MA_LK>25.007261</MA_LK><STT>1</STT><DIEN_BIEN_LS>Suy thận cấp - viêm phổi mức độ nặng - K thận di căn ổ bụng - di căn gan - hạ albumin máu </DIEN_BIEN_LS><GIAI_DOAN_BENH></GIAI_DOAN_BENH><HOI_CHAN></HOI_CHAN><PHAU_THUAT></PHAU_THUAT><THOI_DIEM_DBLS>202501312106</THOI_DIEM_DBLS><NGUOI_THUC_HIEN>004252/ĐNAI-CCHN</NGUOI_THUC_HIEN><DU_PHONG></DU_PHONG></CHI_TIET_DIEN_BIEN_BENH>
</DSACH_CHI_TIET_DIEN_BIEN_BENH>
</CHITIEU_CHITIET_DIENBIENLAMSANG>
</NOIDUNGFILE>
</FILEHOSO>
<FILEHOSO>
<LOAIHOSO>XML7</LOAIHOSO>
<NOIDUNGFILE><CHI_TIEU_DU_LIEU_GIAY_RA_VIEN>
<MA_LK>25.007261</MA_LK><SO_LUU_TRU>25.007261/GRV</SO_LUU_TRU><MA_YTE>25006437</MA_YTE><MA_KHOA_RV>K02</MA_KHOA_RV><NGAY_VAO>202501312103</NGAY_VAO><NGAY_RA>202501312357</NGAY_RA><MA_DINH_CHI_THAI>0</MA_DINH_CHI_THAI><NGUYENNHAN_DINHCHI></NGUYENNHAN_DINHCHI><THOIGIAN_DINHCHI></THOIGIAN_DINHCHI><TUOI_THAI></TUOI_THAI><CHAN_DOAN_RV>U tân sinh không chắc chắn hoặc không biết tính chất của Bể thận(D41.1)-Viêm phổi/Huyết khối TMCD/TD K thận (P) di căn hạch ổ bụng/Gìa</CHAN_DOAN_RV><PP_DIEUTRI>Chăm sóc giảm nhẹ</PP_DIEUTRI><GHI_CHU>Uống thuốc theo toa, tái khám khi bất thường, chăm sóc tại TTYT cơ sở</GHI_CHU><MA_TTDV>4707029086</MA_TTDV><MA_BS>4821292210</MA_BS><TEN_BS>Võ Minh Tâm</TEN_BS><NGAY_CT>20250131</NGAY_CT><MA_CHA></MA_CHA><MA_ME></MA_ME><MA_THE_TAM></MA_THE_TAM><HO_TEN_CHA></HO_TEN_CHA><HO_TEN_ME></HO_TEN_ME><SO_NGAY_NGHI></SO_NGAY_NGHI><NGOAITRU_TUNGAY></NGOAITRU_TUNGAY><NGOAITRU_DENNGAY></NGOAITRU_DENNGAY></CHI_TIEU_DU_LIEU_GIAY_RA_VIEN>
</NOIDUNGFILE>
</FILEHOSO>
<FILEHOSO>
<LOAIHOSO>XML8</LOAIHOSO>
<NOIDUNGFILE><CHI_TIEU_DU_LIEU_TOM_TAT_HO_SO_BENH_AN>
<MA_LK>25.007261</MA_LK><MA_LOAI_KCB>03</MA_LOAI_KCB><HO_TEN_CHA></HO_TEN_CHA><HO_TEN_ME></HO_TEN_ME><NGUOI_GIAM_HO></NGUOI_GIAM_HO><DON_VI></DON_VI><NGAY_VAO>202501312103</NGAY_VAO><NGAY_RA>202501312357</NGAY_RA><CHAN_DOAN_VAO>Suy thận cấp - viêm phổi mức độ nặng - K thận di căn ổ bụng - di căn gan - hạ albumin máu </CHAN_DOAN_VAO><CHAN_DOAN_RV>U tân sinh không chắc chắn hoặc không biết tính chất của Bể thận(D41.1)-Viêm phổi/Huyết khối TMCD/TD K thận (P) di căn hạch ổ bụng/Gìa</CHAN_DOAN_RV><QT_BENHLY>bệnh nhân u thận khó thở nên nhập viên
khám: tỉnh, sinh hiệu ổn, ps 2, da niêm hồng nhật, phổi ral ứ động, đau ổ bụng</QT_BENHLY><TOMTAT_KQ>SIÊU ÂM: U THẬN p , DI CĂN HẠCH Ổ BỤNG</TOMTAT_KQ><PP_DIEUTRI>Chăm sóc giảm nhẹ</PP_DIEUTRI><NGAY_SINHCON></NGAY_SINHCON><NGAY_CONCHET></NGAY_CONCHET><SO_CONCHET></SO_CONCHET><KET_QUA_DTRI>2</KET_QUA_DTRI><GHI_CHU>Uống thuốc theo toa, tái khám khi bất thường, chăm sóc tại TTYT cơ sở</GHI_CHU><MA_TTDV>4707029086</MA_TTDV><NGAY_CT>20250201</NGAY_CT><MA_THE_TAM></MA_THE_TAM><DU_PHONG></DU_PHONG></CHI_TIEU_DU_LIEU_TOM_TAT_HO_SO_BENH_AN>
</NOIDUNGFILE>
</FILEHOSO>
</HOSO>
</DANHSACHHOSO>
</THONGTINHOSO>
</GIAMDINHHS>

